{"max_cluster": [2.7027039527893066, 189.0], "min_cluster": [3.662109520519152e-05, 1.0], "max_cell": [0.19755859673023224, 2700.0, 2700.0, 5085.10009765625], "min_cell": [0.0, -2700.0, -2700.0, 0.0], "mean_cluster": [-2.6443023681640625, 0.22371743619441986], "std_cluster": [1.4632670879364014, 0.9991868734359741], "mean_cell": [-4.262743949890137, -0.09397991746664047, 0.0005721296183764935, 1.0571554899215698], "std_cell": [2.5088770389556885, 0.6591602563858032, 0.6560477018356323, 0.8573397397994995]}