{"max_cluster": [2.605308771133423, 187.0], "min_cluster": [0.0001281738223042339, 1.0], "max_cell": [0.19755859673023224, 2700.0, 2700.0, 5085.10009765625], "min_cell": [3.0517578125e-05, -2700.0, -2700.0, 3821.5], "mean_cluster": [-2.6044740676879883, 0.25673386454582214], "std_cluster": [1.4697587490081787, 1.0070751905441284], "mean_cell": [-6.579833507537842, -0.09536527842283249, -0.003731827950105071, -1.170300006866455], "std_cell": [2.5523664951324463, 0.7380617260932922, 0.7347095012664795, 2.1794698238372803]}