{"max_cluster": [131.8250274658203, 18.432405471801758, 3.229383707046509, 1000.0],
  "min_cluster": [1.000004529953003, 15.567588806152344, 0.0, 0.0],
  "max_cell": [5085.10009765625, 0.19755859673023224, 2600.0, 2600.0, 5085.10009765625, 1.0],
  "min_cell": [0.0, -2700.0, -2700.0, 0.0, 0.0],
  "mean_cluster": [26.796171188354492, 17.02859878540039, 0.5420234203338623, 255.0757293701172],
  "std_cluster": [32.572574615478516, 1.0126323699951172, 0.6736931204795837, 249.6728973388672],
  "mean_cell": [0.00015672086738049984, -7.078675746917725, 0.2939549684524536, 320.4802551269531, 0.07366027683019638],
  "std_cell": [0.0023709405213594437, 265.660888671875, 259.8267517089844, 1139.6455078125, 0.261217325925827]}
