{"max_cluster": [2.696044921875, 156.0], "min_cluster": [0.00030517578125, 1.0], "max_cell": [-0.7042821049690247, 2746.22021484375, 2731.888427734375, 5096.7998046875], "min_cell": [-3.529919147491455, -2745.16162109375, -2748.223388671875, 3809.800048828125], "mean_cluster": [-2.6925132274627686, -0.8521961569786072], "std_cluster": [1.5024417638778687, 0.9695886373519897], "mean_cell": [-1.1547985076904297, -0.09090809524059296, 0.007394657004624605, -1.0778824090957642], "std_cell": [1.2426507472991943, 0.7054171562194824, 0.7033227682113647, 1.2749935388565063]}