{"max_cluster": [2.7817623615264893, 188.0], "min_cluster": [0.0, 0.0], "max_cell": [0.19755859673023224, 2700.0, 2700.0, 5085.10009765625], "min_cell": [0.0, -2700.0, -2700.0, 0.0], "mean_cluster": [-2.6880452632904053, -0.16555450856685638], "std_cluster": [1.4629952907562256, 0.915211021900177], "mean_cell": [-1.6301825046539307, -0.08624102175235748, 0.0005074983346275985, 0.6306291818618774], "std_cell": [3.1125776767730713, 0.5553770661354065, 0.5551126003265381, 0.9832339882850647]}