{"max_cluster": [2.6075189113616943, 148.0], "min_cluster": [0.00030517578125, 1.0], "max_cell": [-0.7043040990829468, 2500.0, 2700.0, 5085.10009765625], "min_cell": [-3.5154500007629395, -2700.0, -2600.0, 3821.5], "mean_cluster": [-2.6446244716644287, -0.7577019929885864], "std_cluster": [1.511437177658081, 0.9933129549026489], "mean_cell": [-1.2339316606521606, -0.011593969538807869, -0.043485671281814575, -1.3123008012771606], "std_cell": [1.5154304504394531, 0.7589045763015747, 0.7388864159584045, 2.3525848388671875]}